<?xml version="1.0" encoding="UTF-8"?>
<project-private xmlns="http://www.netbeans.org/ns/project-private/1">
    <editor-bookmarks xmlns="http://www.netbeans.org/ns/editor-bookmarks/2" lastBookmarkId="0"/>
    <open-files xmlns="http://www.netbeans.org/ns/projectui-open-files/2">
        <group>
            <file>file:/D:/FPT/Semester%204%20FPTU/PRJ301/JAVAWEB/ProductManagement/src/java/controller/SearchAccount.java</file>
            <file>file:/D:/FPT/Semester%204%20FPTU/PRJ301/JAVAWEB/ProductManagement/web/Login.jsp</file>
            <file>file:/D:/FPT/Semester%204%20FPTU/PRJ301/JAVAWEB/ProductManagement/web/UpdateAccount.jsp</file>
            <file>file:/D:/FPT/Semester%204%20FPTU/PRJ301/JAVAWEB/ProductManagement/web/ProductDetail.jsp</file>
            <file>file:/D:/FPT/Semester%204%20FPTU/PRJ301/JAVAWEB/ProductManagement/web/Welcome.jsp</file>
            <file>file:/D:/FPT/Semester%204%20FPTU/PRJ301/JAVAWEB/ProductManagement/web/contact.jsp</file>
            <file>file:/D:/FPT/Semester%204%20FPTU/PRJ301/JAVAWEB/ProductManagement/src/java/filter/CookieFilter.java</file>
            <file>file:/D:/FPT/Semester%204%20FPTU/PRJ301/JAVAWEB/ProductManagement/src/java/controller/UpdateAccount.java</file>
            <file>file:/D:/FPT/Semester%204%20FPTU/PRJ301/JAVAWEB/ProductManagement/src/java/filter/HomeFilter.java</file>
            <file>file:/D:/FPT/Semester%204%20FPTU/PRJ301/JAVAWEB/ProductManagement/web/ListAccount.jsp</file>
            <file>file:/D:/FPT/Semester%204%20FPTU/PRJ301/JAVAWEB/ProductManagement/src/java/controller/SearchProduct.java</file>
            <file>file:/D:/FPT/Semester%204%20FPTU/PRJ301/JAVAWEB/ProductManagement/web/WEB-INF/web.xml</file>
            <file>file:/D:/FPT/Semester%204%20FPTU/PRJ301/JAVAWEB/ProductManagement/src/java/controller/SearchCategory.java</file>
            <file>file:/D:/FPT/Semester%204%20FPTU/PRJ301/JAVAWEB/ProductManagement/src/java/controller/UpdateCategory.java</file>
            <file>file:/D:/FPT/Semester%204%20FPTU/PRJ301/JAVAWEB/ProductManagement/src/java/customTag/PriceFormatTag.java</file>
            <file>file:/D:/FPT/Semester%204%20FPTU/PRJ301/JAVAWEB/ProductManagement/web/about.jsp</file>
            <file>file:/D:/FPT/Semester%204%20FPTU/PRJ301/JAVAWEB/ProductManagement/src/java/filter/AuthFilter.java</file>
            <file>file:/D:/FPT/Semester%204%20FPTU/PRJ301/JAVAWEB/ProductManagement/web/Register.jsp</file>
        </group>
    </open-files>
</project-private>
